<?xml version="1.0" encoding="ISO-8859-1" standalone="no"?><bookDataBase>
<book><ISBN>9780451524935</ISBN><title>1984</title><genre>Science Fiction</genre><status>Available</status><location>Classics</location><author>George Orwell</author><publishDate>01-Jul-1950</publishDate><dueDate/><cover>41cvTXLHaYL.jpg</cover><fee>0.00</fee><clientSO/></book><book><ISBN>9780670026197</ISBN><title>A Gentleman in Moscow</title><genre>Political</genre><status>Available</status><location>Adult Fiction</location><author>Amor Towles</author><publishDate>06-Sep-2016</publishDate><dueDate/><cover>51YCzUi5OJL._SX329_BO1,204,203,200_.jpg</cover><fee>0.00</fee><clientSO/></book><book><ISBN>9780553211764</ISBN><title>A Tale of Two Cities</title><genre>Fiction</genre><status>Available</status><location>Classics</location><author>Charles Dickens</author><publishDate>01-Jun-1989</publishDate><dueDate/><cover>51R1hhGWcFL._SX302_BO1,204,203,200_.jpg</cover><fee>0.00</fee><clientSO/></book><book><ISBN>9780060850524</ISBN><title>Brave New World</title><genre>Dystopian</genre><status>Available</status><location>Teen Fiction</location><author>Aldous Huxley</author><publishDate>17-Oct-2006</publishDate><dueDate/><cover>41l+4UobkRL._SX325_BO1,204,203,200_.jpg</cover><fee>0.00</fee><clientSO/></book><book><ISBN>9780439023498</ISBN><title>Catching Fire</title><genre>Teen Fiction</genre><status>Available</status><location>Dystopia</location><author>Suzanne Collins</author><publishDate>01-Sep-2009</publishDate><dueDate/><cover>51IufOs4JTL._SX339_BO1,204,203,200_.jpg</cover><fee>0.00</fee><clientSO/></book><book><ISBN>9781416914280</ISBN><title>City of Bones</title><genre>Dark Fantasy</genre><status>Available</status><location>Teen Fantasy</location><author>Cassandra Clare</author><publishDate>27-Mar-2007</publishDate><dueDate/><cover>51zpZUymSNL._SX329_BO1,204,203,200_.jpg</cover><fee>0.00</fee><clientSO/></book><book><ISBN>9780140481341</ISBN><title>Death of a Salesman</title><genre>American Dream</genre><status>Available</status><location>Plays &amp; Dramas</location><author>Arthur Miller</author><publishDate>28-Oct-1976</publishDate><dueDate/><cover>41CDstUbfrL._SX322_BO1,204,203,200_.jpg</cover><fee>0.00</fee><clientSO/></book><book><ISBN>9780062077011</ISBN><title>Divergent</title><genre>Dystopian</genre><status>Available</status><location>Youth Fiction</location><author>Veronica Roth</author><publishDate>11-May-2011</publishDate><dueDate/><cover>81-DFVziuwL.jpg</cover><fee>0.00</fee><clientSO/></book><book><ISBN>9780198328704</ISBN><title>Hamlet</title><genre>Shakespeare</genre><status>Available</status><location>Plays &amp; Dramas</location><author>William Shakespeare</author><publishDate>23-Apr-2009</publishDate><dueDate/><cover>51iE77sNYVL._SX391_BO1,204,203,200_.jpg</cover><fee>0.00</fee><clientSO/></book><book><ISBN>9781571311306</ISBN><title>Indian Horse</title><genre>Native American</genre><status>Available</status><location>Adult Novels</location><author>Richard Wagamese</author><publishDate>10-Apr-2018</publishDate><dueDate/><cover>41+Wa1yjz2L._SX322_BO1,204,203,200_.jpg</cover><fee>0.00</fee><clientSO/></book><book><ISBN>9789381529614</ISBN><title>Lord Of The Flies</title><genre>Fiction</genre><status>Available</status><location>Classics</location><author>William Golding</author><publishDate>05-May-2013</publishDate><dueDate/><cover>41hPdDu6cDL._BO1,204,203,200_.jpg</cover><fee>0.00</fee><clientSO/></book><book><ISBN>9780553213119</ISBN><title>Moby-Dick</title><genre>Moral Stories</genre><status>Available</status><location>Classics</location><author>Herman Melville</author><publishDate>01-Mar-1981</publishDate><dueDate/><cover>517AKNlBQvL._SX306_BO1,204,203,200_.jpg</cover><fee>0.00</fee><clientSO/></book><book><ISBN>9780439023511</ISBN><title>Mocking Jay</title><genre>Dystopia</genre><status>Available</status><location>Teen Fiction</location><author>Suzanne Collins</author><publishDate>01-Sep-2010</publishDate><dueDate/><cover>41k66TFC43L._SX351_BO1,204,203,200_.jpg</cover><fee>0.00</fee><clientSO/></book><book><ISBN>9781514640371</ISBN><title>Oliver Twist</title><genre>Ficiton</genre><status>Available</status><location>Classics</location><author>Charles Dickens</author><publishDate>19-May-1838</publishDate><dueDate/><cover>513w5abICIL._SX348_BO1,204,203,200_.jpg</cover><fee>0.00</fee><clientSO/></book><book><ISBN>9780141439518</ISBN><title>Pride and Prejudice</title><genre>Romance</genre><status>Available</status><location>Classics</location><author>Jane Austen</author><publishDate>31-Dec-2002</publishDate><dueDate/><cover>41LHdGM1FCL._SX326_BO1,204,203,200_.jpg</cover><fee>0.00</fee><clientSO/></book><book><ISBN>9780399162411</ISBN><title>The 5th Wave</title><genre>Science Fiction</genre><status>Available</status><location>Teen Fiction</location><author>Rick Yancey</author><publishDate>07-May-2013</publishDate><dueDate/><cover>51SiKpqQkaL._SX332_BO1,204,203,200_.jpg</cover><fee>0.00</fee><clientSO/></book><book><ISBN>9780525426349</ISBN><title>The Fault in Our Stars</title><genre>Coming of Age</genre><status>Available</status><location>Teen Fiction</location><author>John Green</author><publishDate>04-Aug-2014</publishDate><dueDate/><cover>41nYVk0xvLL._SX258_BO1,204,203,200_.jpg</cover><fee>0.00</fee><clientSO/></book><book><ISBN>9780857523921</ISBN><title>The Girl on the Train</title><genre>Murder</genre><status>Available</status><location>Mystery</location><author>Paula Hawkins</author><publishDate>13-Jan-2015</publishDate><dueDate/><cover>51yADWjbKDL._SX331_BO1,204,203,200_.jpg</cover><fee>0.00</fee><clientSO/></book><book><ISBN>9780385490818</ISBN><title>The Handmaid's Tale</title><genre>Political Fiction</genre><status>Available</status><location>Fiction</location><author>Margaret Atwood</author><publishDate>16-Mar-1998</publishDate><dueDate/><cover>51mI9Ml1+yL._SX322_BO1,204,203,200_.jpg</cover><fee>0.00</fee><clientSO/></book><book><ISBN>9780547928227</ISBN><title>The Hobit</title><genre>Fantasy</genre><status>Available</status><location>Classics</location><author>J.R.R Tolkien</author><publishDate>18-Sep-2012</publishDate><dueDate/><cover>51uLvJlKpNL._SX321_BO1,204,203,200_.jpg</cover><fee>0.00</fee><clientSO/></book><book><ISBN>9780439023481</ISBN><title>The Hunger Games</title><genre>Dystopian</genre><status>Available</status><location>Teen Fiction</location><author>Suzanne Collins</author><publishDate>14-Sep-2008</publishDate><dueDate/><cover>41LPBRNaVCL._SX355_BO1,204,203,200_.jpg</cover><fee>0.00</fee><clientSO/></book><book><ISBN>9781594631931</ISBN><title>The Kite Runner</title><genre>Cultral Heritage</genre><status>Available</status><location>Aldult Fiction</location><author>Khaled Hosseini</author><publishDate>27-Apr-2004</publishDate><dueDate/><cover>51MtGFNeYjL._SX318_BO1,204,203,200_.jpg</cover><fee>0.00</fee><clientSO/></book><book><ISBN>9780618645619</ISBN><title>The Lord of the Rings</title><genre>Fantasy</genre><status>Available</status><location>Classics</location><author>J.R.R. Tolkien</author><publishDate>12-Oct-2005</publishDate><dueDate/><cover>51r6XIPWmoL._SX331_BO1,204,203,200_.jpg</cover><fee>0.00</fee><clientSO/></book><book><ISBN>9780553511536</ISBN><title>The Maze Runner</title><genre>Science Fiction</genre><status>Available</status><location>Teen Fiction</location><author>James Dashner</author><publishDate>05-Aug-2014</publishDate><dueDate/><cover>51SZUWvH1fL._SX328_BO1,204,203,200_.jpg</cover><fee>0.00</fee><clientSO/></book><book><ISBN>9780062059932</ISBN><title>The Selection</title><genre>Dystopia</genre><status>Available</status><location>Teen Romance</location><author>Kiera Cass</author><publishDate>24-Apr-2012</publishDate><dueDate/><cover>51rIXr5F2TL._SX329_BO1,204,203,200_.jpg</cover><fee>0.00</fee><clientSO/></book><book><ISBN>9780140444254</ISBN><title>The Three Theban Plays</title><genre>Greek Tradgedy</genre><status>Available</status><location>Plays &amp; Dramas</location><author>Sophocles</author><publishDate>07-Feb-1984</publishDate><dueDate/><cover>41pKc7SXYfL._SX324_BO1,204,203,200_.jpg</cover><fee>0.00</fee><clientSO/></book><book><ISBN>900</ISBN><title>Origin</title><genre>Mystery</genre><status>Overdue</status><location>Fiction</location><author>Dan Brown</author><publishDate>01-Oct-2017</publishDate><dueDate>31-May-2018</dueDate><cover>Origin_(Dan_Brown_novel_cover).jpg</cover><fee>0.7</fee><clientSO>Sophia Litmen</clientSO></book><book><ISBN>9780062007995</ISBN><title>I Am Number 4</title><genre>Science Fiction</genre><status>Overdue</status><location>Youth Fiction</location><author>Pittacus Lore</author><publishDate>12-May-2010</publishDate><dueDate>31-May-2018</dueDate><cover>41rseIwuyXL._SX329_BO1,204,203,200_.jpg</cover><fee>0.7</fee><clientSO>Track Team</clientSO></book><book><ISBN>9780141439471</ISBN><title>Frankenstein</title><genre>Horror</genre><status>Overdue</status><location>Fiction Classics</location><author>Mary Shelley</author><publishDate>14-May-2003</publishDate><dueDate>01-Jun-2018</dueDate><cover>9780141439471-us.jpg</cover><fee>0.6</fee><clientSO>Sophia Litmen</clientSO></book><book><ISBN>9780385504218</ISBN><title>The Da Vinci Code</title><genre>Religious Mystery</genre><status>Overdue</status><location>Audult Fiction</location><author>Dan Brown</author><publishDate>15-May-2003</publishDate><dueDate>04-Jun-2018</dueDate><cover>968.jpg</cover><fee>0.5</fee><clientSO>Sophia Litmen</clientSO></book><book><ISBN>9781442068537</ISBN><title>Paper Towns</title><genre>Fantasy</genre><status>Signed Out</status><location>Youth Fantasy</location><author>John Green</author><publishDate>20-May-2009</publishDate><dueDate>10-Nov-2018</dueDate><cover>6442769.jpg</cover><fee>0.00</fee><clientSO>Jason Clay</clientSO></book></bookDataBase>