<?xml version="1.0" encoding="ISO-8859-1" standalone="no"?><chromebookDataBase>
<day><date>20-Jun-2018</date><p1s1>Reserve</p1s1><p1s2>James Carr-Pries</p1s2><p2s1>Reserve</p2s1><p2s2>Reserve</p2s2><p3s1>Reserve</p3s1><p3s2>Reserve</p3s2><p4s1>Reserve</p4s1><p4s2>Reserve</p4s2><p5s1>Reserve</p5s1><p5s2>Reserve</p5s2></day><day><date>21-Jun-2018</date><p1s1>Reserve</p1s1><p1s2>Reserve</p1s2><p2s1>Reserve</p2s1><p2s2>Reserve</p2s2><p3s1>Reserve</p3s1><p3s2>Reserve</p3s2><p4s1>Reserve</p4s1><p4s2>Reserve</p4s2><p5s1>Reserve</p5s1><p5s2>Reserve</p5s2></day><day><date>12-Jun-2018</date><p1s1>Reserve</p1s1><p1s2>Reserve</p1s2><p2s1>Reserve</p2s1><p2s2>Reserve</p2s2><p3s1>Reserve</p3s1><p3s2>Reserve</p3s2><p4s1>Reserve</p4s1><p4s2>Reserve</p4s2><p5s1>Reserve</p5s1><p5s2>Reserve</p5s2></day><day><date>10-Jun-2018</date><p1s1>Reserve</p1s1><p1s2>Reserve</p1s2><p2s1>Jason Clay</p2s1><p2s2>Reserve</p2s2><p3s1>Reserve</p3s1><p3s2>Reserve</p3s2><p4s1>Reserve</p4s1><p4s2>Reserve</p4s2><p5s1>Reserve</p5s1><p5s2>Reserve</p5s2></day></chromebookDataBase>