<?xml version="1.0" encoding="ISO-8859-1" standalone="no"?><clientDataBase>
<client><ID>314195</ID><firstName>Rob</firstName><lastName>Klassen</lastName><email>robk@rockway.ca</email><DOB>26-Sep-1959</DOB><picture>rob-klassen-1.jpg</picture><fee>0</fee><sent>y</sent></client><client><ID>3765</ID><firstName>Bill</firstName><lastName>Piffner</lastName><email>jcpflash@gmail.com</email><DOB>30-Sep-1960</DOB><picture>1517263614044.jpg</picture><fee>0</fee><sent>n</sent></client><client><ID>2389</ID><firstName>Steve</firstName><lastName>Hubner</lastName><email>jcpflash@gmail.com</email><DOB>09-Oct-1962</DOB><picture>F1.large.jpg</picture><fee>0</fee><sent>n</sent></client><client><ID>0987</ID><firstName>Margaret</firstName><lastName>Gardener</lastName><email>jcpflash@gmail.com</email><DOB>19-Jun-1963</DOB><picture>margaret-gardner.jpg</picture><fee>0</fee><sent>n</sent></client><client><ID>123</ID><firstName>Marelne</firstName><lastName>LeBer</lastName><email>jcpflash@gmail.com</email><DOB>05-Dec-1965</DOB><picture>Marlene-LeBer-731x1024.jpg</picture><fee>0</fee><sent>n</sent></client><client><ID>9876</ID><firstName>Brian</firstName><lastName>Jordan</lastName><email>jcarrpries@outlook.com</email><DOB>07-Jun-1967</DOB><picture>1703034_BH_160_Brian_Jordan.jpg</picture><fee>0</fee><sent>n</sent></client><client><ID>800</ID><firstName>Sophia</firstName><lastName>Litmen</lastName><email>jcarrpries@gmail.com</email><DOB>18-Aug-1967</DOB><picture>Professional-Headshot-5.jpg</picture><fee>10.95</fee><sent>y</sent></client><client><ID>127</ID><firstName>Rachel</firstName><lastName>Bailie</lastName><email>jcpflash@gmail.com</email><DOB>23-Feb-1968</DOB><picture>Rahel-Bailie-2015-1.jpg</picture><fee>0</fee><sent>n</sent></client><client><ID>124</ID><firstName>Trish</firstName><lastName>Neufeldt</lastName><email>jcpflash@gmail.com</email><DOB>10-Oct-1969</DOB><picture>profile_20150631-123712.jpg</picture><fee>0</fee><sent>n</sent></client><client><ID>9990</ID><firstName>Dave</firstName><lastName>Carr-Pries</lastName><email>dcarrpries@gmail.com</email><DOB>07-May-1970</DOB><picture>DSC04712.JPG</picture><fee>0</fee><sent>n</sent></client><client><ID>961</ID><firstName>Tony</firstName><lastName>Theodoropoulos</lastName><email>amdec.theodoropoulos@ed.amdsb.ca</email><DOB>23-Nov-1970</DOB><picture>Mr T.jpg</picture><fee>0</fee><sent>n</sent></client><client><ID>24</ID><firstName>Alfred</firstName><lastName>Kong</lastName><email>jcpflash@gmail.com</email><DOB>18-Mar-1972</DOB><picture>cropped-jpg_profile_alfred-kong.jpg</picture><fee>0</fee><sent>n</sent></client><client><ID>746</ID><firstName>Chris</firstName><lastName>Tarence</lastName><email>jcpflash@gmail.com</email><DOB>07-Jul-1975</DOB><picture>profile_20170326-141258.jpg</picture><fee>0</fee><sent>n</sent></client><client><ID>789</ID><firstName>Nacy</firstName><lastName>Malica</lastName><email>jcpflash@gmail.com</email><DOB>19-Nov-1978</DOB><picture>nmm63-profile.jpg</picture><fee>0</fee><sent>n</sent></client><client><ID>5682</ID><firstName>Jessica</firstName><lastName>Langora</lastName><email>jcpflash@gmail.com</email><DOB>14-Dec-1978</DOB><picture>profile_picture.jpg</picture><fee>0</fee><sent>n</sent></client><client><ID>9080</ID><firstName>Jason</firstName><lastName>Clay</lastName><email>jcpflash@gmail.com</email><DOB>19-Jan-1980</DOB><picture>download.jpg</picture><fee>0.0</fee><sent>n</sent></client><client><ID>12</ID><firstName>Camara</firstName><lastName>Chamber</lastName><email>jcpflash@gmail.com</email><DOB>12-May-1984</DOB><picture>Camara-Chambers-240x300.jpg</picture><fee>0</fee><sent>n</sent></client><client><ID>1890</ID><firstName>Lauren</firstName><lastName>Welch</lastName><email>jamecarr961@ed.amdec.ca</email><DOB>14-Nov-1987</DOB><picture>Lauren-Welch-headshot.jpg</picture><fee>0</fee><sent>n</sent></client><client><ID>22</ID><firstName>George</firstName><lastName>Brown</lastName><email>jcpflash@gmail.com</email><DOB>17-Nov-1987</DOB><picture>headshot-happy-man-28438140.jpg</picture><fee>0</fee><sent>n</sent></client><client><ID>1890</ID><firstName>Micheal</firstName><lastName>Josslin</lastName><email>jcpflash@gmail.com</email><DOB>02-Dec-1989</DOB><picture>mjp31-profile.jpg</picture><fee>0</fee><sent>n</sent></client><client><ID>876</ID><firstName>Steffan</firstName><lastName>McTavish</lastName><email>jcpflash@gmail.com</email><DOB>09-Jul-1990</DOB><picture>smile-1726471_960_720.jpg</picture><fee>0</fee><sent>n</sent></client><client><ID>098</ID><firstName>Hannah</firstName><lastName>Stewart</lastName><email>jcpflash@gmail.com</email><DOB>18-Aug-1994</DOB><picture>5896137-girl-profile-picture.jpg</picture><fee>0</fee><sent>n</sent></client><client><ID>2</ID><firstName>James</firstName><lastName>Carr-Pries</lastName><email>jcarrpries@gmail.com</email><DOB>03-Mar-2000</DOB><picture>Me at Market.jpg</picture><fee>3.1</fee><sent>y</sent></client><client><ID>3</ID><firstName>Track</firstName><lastName>Team</lastName><email>2018jamcar@student.rockway.ca</email><DOB>09-May-2018</DOB><picture>Trackwars2018team.jpg</picture><fee>0</fee><sent>y</sent></client></clientDataBase>