<?xml version="1.0" encoding="UTF-8"?>
<project-private xmlns="http://www.netbeans.org/ns/project-private/1">
    <editor-bookmarks xmlns="http://www.netbeans.org/ns/editor-bookmarks/2" lastBookmarkId="1">
        <file>
            <url>src/feePreferences.xml</url>
            <bookmark id="1">
                <name/>
                <line>4</line>
                <key/>
            </bookmark>
        </file>
    </editor-bookmarks>
    <open-files xmlns="http://www.netbeans.org/ns/projectui-open-files/2">
        <group>
            <file>file:/C:/Users/jcarr/Desktop/AMDEC/LIS/LIS/src/LisHomeUI.java</file>
            <file>file:/C:/Users/jcarr/Desktop/AMDEC/LIS/LIS/login.xml</file>
            <file>file:/C:/Users/jcarr/Desktop/AMDEC/LIS/LIS/manifest.mf</file>
            <file>file:/C:/Users/jcarr/Desktop/AMDEC/LIS/LIS/book.xml</file>
            <file>file:/C:/Users/jcarr/Desktop/AMDEC/LIS/LIS/chromebook.xml</file>
            <file>file:/C:/Users/jcarr/Desktop/AMDEC/LIS/LIS/client.xml</file>
            <file>file:/C:/Users/jcarr/Desktop/AMDEC/LIS/LIS/feePreferences.xml</file>
        </group>
    </open-files>
</project-private>
